,Country,Happiness Score_x_x,Economy (GDP)_x_x,Family (Social Support)_x_x,Freedom_x_x,Generosity_x_x,Year_x_x,Happiness Score_y_x,Economy (GDP)_y_x,Family (Social Support)_y_x,Freedom_y_x,Generosity_y_x,Year_y_x,Happiness Score_x_y,Economy (GDP)_x_y,Family (Social Support)_x_y,Freedom_x_y,Generosity_x_y,Generosity_x_y,Year_x_y,Happiness Score_y_y,Economy (GDP)_y_y,Family (Social Support)_y_y,Freedom_y_y,Generosity_y_y,Generosity_y_y,Year_y_y,Happiness Score,Economy (GDP),Family (Social Support),Freedom,Generosity,Year
0,Finland,7.632,1.305,1.592,0.681,0.202,2018,7.769,1.34,1.587,0.596,0.153,2019,7.808700085,1.285189509,1.499525905,0.66231674,-0.059482019,0.159670442,2020,7.842,1.446,1.106,0.691,-0.098,0.124,2021,7.821,"1,892","1,258",0.736,"0,109",2022
1,Norway,7.594,1.456,1.582,0.686,0.286,2018,7.554,1.488,1.582,0.603,0.271,2019,7.487999916,1.42420733,1.495172501,0.670200884,0.13453263,0.287985086,2020,7.392,1.543,1.108,0.703,0.093,0.249,2021,7.365,"1,997","1,239",0.728,"0,217",2022
2,Denmark,7.555,1.351,1.59,0.683,0.284,2018,7.6,1.383,1.573,0.592,0.252,2019,7.645599842,1.326948524,1.503449202,0.665039897,0.066201776,0.242793396,2020,7.62,1.502,1.108,0.686,0.03,0.208,2021,7.636,"1,953","1,243",0.719,"0,188",2022
3,Iceland,7.495,1.343,1.644,0.677,0.353,2018,7.494,1.38,1.624,0.591,0.354,2019,7.504499912,1.326501608,1.547567487,0.661980748,0.246944219,0.362330228,2020,7.554,1.482,1.172,0.698,0.16,0.293,2021,7.557,"1,936","1,320",0.718,"0,270",2022
4,Switzerland,7.487,1.42,1.549,0.66,0.256,2018,7.48,1.452,1.526,0.572,0.263,2019,7.559899807,1.39077425,1.472403407,0.62895447,0.105911039,0.269055754,2020,7.571,1.566,1.079,0.653,0.025,0.204,2021,7.512,"2,026","1,226",0.677,"0,147",2022
5,Netherlands,7.441,1.361,1.488,0.638,0.333,2018,7.488,1.396,1.522,0.557,0.322,2019,7.448900223,1.338946342,1.463645935,0.61362648,0.20761244,0.336317569,2020,7.464,1.501,1.079,0.647,0.175,0.302,2021,7.415,"1,945","1,206",0.651,"0,271",2022
6,Canada,7.328,1.33,1.532,0.653,0.321,2018,7.278,1.365,1.505,0.584,0.285,2019,7.23210001,1.301647663,1.435391903,0.644028127,0.124770768,0.28152892,2020,7.103,1.447,1.044,0.648,0.089,0.246,2021,7.025,"1,886","1,188",0.659,"0,217",2022
7,New Zealand,7.324,1.268,1.601,0.669,0.365,2018,7.307,1.303,1.557,0.585,0.33,2019,7.299600124,1.242317915,1.48721838,0.646789908,0.191598073,0.325726211,2020,7.277,1.4,1.094,0.665,0.134,0.276,2021,7.2,"1,852","1,235",0.68,"0,245",2022
8,Sweden,7.314,1.355,1.501,0.659,0.285,2018,7.343,1.387,1.487,0.574,0.267,2019,7.353499889,1.322235227,1.433347702,0.650297701,0.111614622,0.272827893,2020,7.363,1.478,1.062,0.685,0.086,0.244,2021,7.384,"1,920","1,204",0.724,"0,218",2022
9,Australia,7.272,1.34,1.573,0.647,0.361,2018,7.228,1.372,1.548,0.557,0.332,2019,7.222799778,1.310396433,1.477146268,0.621877193,0.19046016,0.324973613,2020,7.183,1.453,1.076,0.647,0.159,0.291,2021,7.162,"1,900","1,203",0.676,"0,258",2022
10,United Kingdom,7.19,1.244,1.433,0.464,0.262,2018,7.054,1.333,1.538,0.45,0.348,2019,7.164500237,1.273061037,1.457844973,0.525168657,0.263732493,0.373433441,2020,7.064,1.423,1.062,0.58,0.233,0.34,2021,6.943,"1,867","1,143",0.597,"0,289",2022
11,Austria,7.139,1.341,1.504,0.617,0.242,2018,7.246,1.376,1.475,0.532,0.244,2019,7.294199944,1.317285538,1.437444925,0.603368878,0.085429221,0.255509764,2020,7.268,1.492,1.062,0.64,0.042,0.215,2021,7.163,"1,931","1,165",0.623,"0,193",2022
12,Costa Rica,7.072,1.01,1.459,0.632,0.143,2018,7.167,1.034,1.441,0.558,0.144,2019,7.121399879,0.981107712,1.374853611,0.645017743,-0.10242971,0.131266311,2020,7.069,1.134,0.966,0.673,-0.126,0.105,2021,6.582,"1,584","1,054",0.661,"0,089",2022
13,Ireland,6.977,1.448,1.583,0.614,0.307,2018,7.021,1.499,1.553,0.516,0.298,2019,7.093699932,1.446886778,1.470596433,0.587779939,0.145784974,0.295426995,2020,7.085,1.644,1.092,0.606,0.077,0.238,2021,7.041,"2,129","1,166",0.627,"0,190",2022
14,Germany,6.965,1.34,1.474,0.586,0.273,2018,6.985,1.373,1.454,0.495,0.261,2019,7.075799942,1.314184546,1.368543744,0.564274132,0.080179386,0.252037704,2020,7.155,1.48,0.993,0.6,0.011,0.195,2021,7.034,"1,924","1,088",0.585,"0,163",2022
15,Belgium,6.927,1.324,1.483,0.583,0.188,2018,6.923,1.356,1.504,0.473,0.16,2019,6.863500118,1.295842767,1.398677588,0.499805421,-0.078691199,0.146966159,2020,6.834,1.463,0.998,0.489,-0.153,0.088,2021,6.805,"1,907","1,106",0.492,"0,049",2022
17,United States,6.886,1.398,1.471,0.547,0.291,2018,6.892,1.433,1.457,0.454,0.28,2019,6.939599991,1.37398684,1.404786706,0.534608245,0.149891734,0.298143059,2020,6.951,1.533,1.03,0.554,0.098,0.252,2021,6.977,"1,982","1,182",0.574,"0,220",2022
18,Israel,6.814,1.301,1.559,0.533,0.354,2018,7.139,1.276,1.455,0.371,0.261,2019,7.128600121,1.216463685,1.403256774,0.420699477,0.10259372,0.266861796,2020,7.157,1.376,1.074,0.509,0.031,0.208,2021,7.364,"1,826","1,221",0.568,"0,155",2022
19,United Arab Emirates,6.774,2.096,0.776,0.284,0.186,2018,6.825,1.503,1.31,0.598,0.262,2019,6.790800095,1.431086421,1.251170993,0.652936101,0.123450845,0.28065598,2020,6.561,1.555,0.86,0.67,0.074,0.236,2021,6.576,"1,998","0,980",0.702,"0,204",2022
21,Malta,6.627,1.27,1.525,0.645,0.376,2018,6.726,1.3,1.52,0.564,0.375,2019,6.772799969,1.252513289,1.442956924,0.633239031,0.214965805,0.341180831,2020,6.602,1.411,1.055,0.664,0.133,0.275,2021,6.447,"1,838","1,169",0.679,"0,174",2022
22,France,6.489,1.293,1.466,0.52,0.098,2018,6.592,1.324,1.472,0.436,0.111,2019,6.663799763,1.268129349,1.458839178,0.514050901,-0.130641967,0.112607703,2020,6.69,1.421,1.081,0.536,-0.147,0.092,2021,6.687,"1,863","1,219",0.567,"0,070",2022
23,Mexico,6.488,1.038,1.252,0.479,0.069,2018,6.595,1.07,1.323,0.433,0.074,2019,6.465000153,1.024387479,1.226333499,0.553892553,-0.175266623,0.083094485,2020,6.317,1.126,0.83,0.585,-0.147,0.092,2021,6.128,"1,552","0,886",0.621,"0,092",2022
24,Chile,6.476,1.131,1.331,0.431,0.197,2018,6.444,1.159,1.369,0.357,0.187,2019,6.228499889,1.096992493,1.323286891,0.417482227,-0.065668367,0.155579001,2020,6.172,1.2,0.946,0.438,-0.044,0.159,2021,6.172,"1,651","1,080",0.46,"0,124",2022
26,Panama,6.43,1.112,1.438,0.597,0.125,2018,6.321,1.149,1.442,0.516,0.109,2019,6.304800034,1.097667813,1.376149297,0.57984978,-0.153927714,0.097207308,2020,6.18,1.298,0.976,0.596,-0.166,0.079,2021,6.309,"1,715","1,107",0.592,"0,049",2022
27,Brazil,6.419,0.986,1.474,0.493,0.11,2018,6.3,1.004,1.439,0.39,0.099,2019,6.375599861,0.952679873,1.363464117,0.483292729,-0.101812392,0.131674588,2020,6.33,1.028,0.944,0.514,-0.071,0.142,2021,6.293,"1,462","1,044",0.546,"0,131",2022
28,Argentina,6.388,1.073,1.468,0.57,0.062,2018,6.086,1.092,1.432,0.471,0.066,2019,5.974699974,1.028465629,1.372543693,0.520840347,-0.194913864,0.070100471,2020,5.929,1.162,0.98,0.544,-0.182,0.069,2021,5.967,"1,592","1,102",0.555,"0,081",2022
30,Uruguay,6.379,1.093,1.459,0.625,0.13,2018,6.293,1.124,1.465,0.523,0.127,2019,6.440100193,1.071000457,1.425081134,0.59426707,-0.101103112,0.132143691,2020,6.431,1.164,1.042,0.625,-0.092,0.128,2021,6.474,"1,615","1,180",0.665,"0,103",2022
32,Saudi Arabia,6.371,1.379,1.331,0.509,0.098,2018,6.375,1.403,1.357,0.439,0.08,2019,6.406499863,1.334328532,1.309950113,0.548477471,-0.168695062,0.087440684,2020,6.494,1.435,0.964,0.603,-0.149,0.09,2021,6.523,"1,870","1,092",0.651,"0,078",2022
33,Singapore,6.343,1.529,1.451,0.631,0.261,2018,6.262,1.572,1.463,0.556,0.271,2019,6.377099991,1.519580126,1.39545691,0.635317206,0.029879224,0.218770906,2020,6.377,1.695,1.019,0.664,-0.018,0.176,2021,6.48,"2,149","1,127",0.672,"0,163",2022
34,Malaysia,6.322,1.161,1.258,0.356,0.311,2018,5.339,1.221,1.171,0.508,0.26,2019,5.384300232,1.168421626,1.17400229,0.596941531,0.114726797,0.274886161,2020,5.384,1.259,0.797,0.624,0.125,0.27,2021,5.711,"1,689","0,938",0.654,"0,213",2022
35,Spain,6.31,1.251,1.538,0.449,0.142,2018,6.354,1.286,1.484,0.362,0.153,2019,6.400899887,1.230535269,1.421099186,0.425983816,-0.050961714,0.16530548,2020,6.491,1.375,1.057,0.462,-0.081,0.135,2021,6.476,"1,808","1,211",0.505,"0,101",2022
36,Colombia,6.26,0.96,1.439,0.531,0.099,2018,6.125,0.985,1.41,0.47,0.099,2019,6.163400173,0.93220371,1.33445096,0.526890039,-0.161235645,0.092374094,2020,6.012,1.021,0.866,0.554,-0.135,0.1,2021,5.781,"1,452","0,929",0.545,"0,087",2022
38,Slovakia,6.173,1.21,1.537,0.354,0.118,2018,6.198,1.246,1.504,0.334,0.121,2019,6.280600071,1.194837689,1.424331188,0.423542529,-0.124409303,0.116729774,2020,6.331,1.304,1.066,0.468,-0.124,0.107,2021,6.391,"1,736","1,232",0.479,"0,118",2022
39,El Salvador,6.167,0.806,1.231,0.461,0.065,2018,6.253,0.794,1.242,0.43,0.093,2019,6.34829998,0.748940408,1.149397612,0.524043918,-0.121072978,0.1189363,2020,6.061,0.845,0.675,0.615,-0.11,0.116,2021,6.12,"1,265","0,768",0.666,"0,089",2022
40,Nicaragua,6.141,0.668,1.319,0.527,0.208,2018,6.105,0.694,1.325,0.435,0.2,2019,6.13710022,0.620033145,1.27081275,0.560117304,0.020959141,0.212871477,2020,5.972,0.693,0.904,0.553,0.02,0.201,2021,6.165,"1,105","1,029",0.617,"0,168",2022
41,Poland,6.123,1.176,1.448,0.546,0.108,2018,6.182,1.206,1.438,0.483,0.117,2019,6.186299801,1.16922915,1.310399771,0.557903528,-0.205084071,0.063374244,2020,6.166,1.309,0.982,0.558,-0.165,0.08,2021,6.123,"1,758","1,174",0.523,"0,124",2022
42,Bahrain,6.105,1.338,1.366,0.594,0.243,2018,6.199,1.362,1.368,0.536,0.255,2019,6.227300167,1.296692252,1.31532371,0.610399902,0.13372919,0.287453711,2020,6.647,1.409,0.899,0.661,0.089,0.246,2021,6.647,"1,854","1,029",0.693,"0,199",2022
43,Uzbekistan,6.096,0.719,1.584,0.724,0.328,2018,6.174,0.745,1.529,0.631,0.322,2019,6.257599831,0.696652949,1.434020042,0.693270326,0.248427153,0.363311023,2020,6.179,0.769,1.027,0.716,0.311,0.391,2021,6.063,"1,219","1,092",0.716,"0,283",2022
45,Thailand,6.072,1.016,1.417,0.637,0.364,2018,6.008,1.05,1.409,0.557,0.359,2019,5.998799801,1.007029295,1.347519517,0.609449804,0.268685192,0.376709014,2020,5.985,1.107,0.957,0.611,0.287,0.375,2021,5.891,"1,535","1,096",0.617,"0,321",2022
46,Italy,6.0,1.264,1.501,0.281,0.137,2018,6.223,1.294,1.488,0.231,0.158,2019,6.38740015,1.236396074,1.347296,0.321305573,-0.043460999,0.170266211,2020,6.483,1.393,0.94,0.379,-0.084,0.133,2021,6.467,"1,834","1,052",0.412,"0,085",2022
47,Ecuador,5.973,0.889,1.33,0.556,0.114,2018,6.028,0.912,1.312,0.498,0.126,2019,5.925199986,0.853383601,1.221027613,0.555234551,-0.127014965,0.115006477,2020,5.764,0.935,0.806,0.56,-0.124,0.107,2021,5.533,"1,352","0,879",0.565,"0,080",2022
49,Lithuania,5.952,1.197,1.527,0.35,0.026,2018,6.149,1.238,1.515,0.291,0.043,2019,6.215499878,1.193559647,1.432865739,0.42046079,-0.219725296,0.053691041,2020,6.255,1.35,1.065,0.476,-0.203,0.056,2021,6.446,"1,804","1,204",0.496,"0,053",2022
50,Slovenia,5.948,1.219,1.506,0.633,0.16,2018,6.118,1.258,1.523,0.564,0.144,2019,6.363399982,1.208652496,1.464677691,0.646700144,-0.080603383,0.145701498,2020,6.461,1.36,1.093,0.69,-0.101,0.122,2021,6.63,"1,810","1,249",0.685,"0,118",2022
51,Romania,5.945,1.116,1.219,0.528,0.088,2018,6.07,1.162,1.232,0.462,0.083,2019,6.123700142,1.120401621,1.1944381,0.534852326,-0.19781521,0.068181619,2020,6.14,1.275,0.832,0.564,-0.219,0.045,2021,6.477,"1,719","1,006",0.605,"0,039",2022
52,Latvia,5.933,1.148,1.454,0.363,0.092,2018,5.94,1.187,1.465,0.264,0.075,2019,5.949999809,1.14139545,1.414398789,0.329198807,-0.186888844,0.075407945,2020,6.032,1.285,1.047,0.405,-0.162,0.082,2021,6.18,"1,732","1,221",0.502,"0,075",2022
53,Japan,5.915,1.294,1.462,0.553,0.079,2018,5.886,1.327,1.419,0.445,0.069,2019,5.870800018,1.26672411,1.332338691,0.495465875,-0.246910349,0.03571178,2020,5.94,1.389,0.949,0.504,-0.258,0.02,2021,6.039,"1,835","1,089",0.537,"0,007",2022
54,Mauritius,5.891,1.09,1.387,0.584,0.245,2018,5.888,1.12,1.402,0.498,0.215,2019,6.101299763,1.07366395,1.395666838,0.590838134,-0.018318573,0.186894551,2020,6.049,1.178,0.996,0.59,-0.054,0.153,2021,6.071,"1,591","1,116",0.589,"0,131",2022
55,Jamaica,5.89,0.819,1.493,0.575,0.096,2018,5.89,0.831,1.478,0.49,0.107,2019,5.889800072,0.779058397,1.408289194,0.553124607,-0.125106767,0.116268493,2020,6.309,0.891,0.932,0.618,-0.137,0.099,2021,5.85,"1,296","1,045",0.567,"0,080",2022
56,South Korea,5.875,1.266,1.204,0.244,0.175,2018,5.895,1.301,1.219,0.159,0.175,2019,5.872399807,1.245300651,1.133560538,0.25935635,-0.043404032,0.170303866,2020,5.845,1.403,0.758,0.353,-0.083,0.134,2021,5.935,"1,851","0,886",0.414,"0,111",2022
58,Russia,5.81,1.151,1.479,0.399,0.065,2018,5.648,1.183,1.452,0.334,0.082,2019,5.546000004,1.126999617,1.378644109,0.399499595,-0.151153743,0.099041916,2020,5.477,1.241,0.992,0.409,-0.111,0.115,2021,5.459,"1,685","1,095",0.401,"0,117",2022
59,Kazakhstan,5.79,1.143,1.516,0.454,0.148,2018,5.809,1.173,1.508,0.41,0.146,2019,6.057899952,1.122594237,1.453267694,0.497432142,-0.068488635,0.153713793,2020,6.152,1.23,1.103,0.573,-0.069,0.143,2021,6.234,"1,668","1,220",0.584,"0,134",2022
60,Cyprus,5.762,1.229,1.191,0.423,0.202,2018,6.046,1.263,1.223,0.406,0.19,2019,6.15899992,1.21279943,1.149170756,0.459385872,0.043731496,0.227932334,2020,6.223,1.377,0.765,0.464,-0.015,0.178,2021,6.221,"1,815","0,909",0.448,"0,123",2022
61,Bolivia,5.752,0.751,1.223,0.606,0.141,2018,5.779,0.776,1.209,0.511,0.137,2019,5.747499943,0.730976343,1.142350554,0.5744645,-0.09168113,0.138375074,2020,5.716,0.842,0.782,0.6,-0.077,0.138,2021,5.6,"1,256","0,880",0.627,"0,112",2022
62,Estonia,5.739,1.2,1.532,0.553,0.086,2018,5.893,1.237,1.528,0.495,0.103,2019,6.021800041,1.192441225,1.453232527,0.576664805,-0.111697771,0.125136748,2020,6.189,1.344,1.079,0.641,-0.106,0.119,2021,6.341,"1,793","1,232",0.689,"0,123",2022
63,Paraguay,5.681,0.835,1.522,0.541,0.162,2018,5.743,0.855,1.475,0.514,0.184,2019,5.692100048,0.897990823,1.36819756,0.586510062,0.007997713,0.204299241,2020,5.653,0.983,0.97,0.602,0.028,0.206,2021,5.578,"1,409","1,130",0.629,"0,171",2022
64,Peru,5.663,0.934,1.249,0.53,0.092,2018,5.697,0.96,1.274,0.455,0.083,2019,5.796800137,0.91854918,1.208405972,0.513210058,-0.16238822,0.091611817,2020,5.84,0.986,0.833,0.536,-0.154,0.087,2021,5.559,"1,397","0,865",0.545,"0,090",2022
65,Kosovo,5.662,0.855,1.23,0.448,0.274,2018,6.1,0.882,1.232,0.489,0.262,2019,6.325200081,0.840481341,1.183962822,0.557280421,0.190933764,0.325286865,2020,6.372,0.937,0.807,0.593,0.257,0.356,2021,6.455,"1,362","0,949",0.599,"0,309",2022
66,Moldova,5.64,0.657,1.301,0.232,0.171,2018,5.529,0.685,1.328,0.245,0.181,2019,5.607500076,0.707916796,1.237312198,0.389571488,-0.037741039,0.174049184,2020,5.766,0.985,0.888,0.536,-0.079,0.137,2021,5.857,"1,417","1,008",0.561,"0,102",2022
68,Hungary,5.62,1.171,1.401,0.259,0.061,2018,5.758,1.201,1.41,0.199,0.081,2019,6.000400066,1.164307117,1.423009396,0.386401802,-0.194323018,0.070491239,2020,5.992,1.301,1.083,0.454,-0.186,0.067,2021,6.086,"1,748","1,233",0.485,"0,078",2022
70,Philippines,5.524,0.775,1.312,0.643,0.12,2018,5.631,0.807,1.293,0.558,0.117,2019,6.006000042,0.775120676,1.245381713,0.621915162,-0.105463006,0.129260212,2020,5.88,0.853,0.828,0.651,-0.097,0.125,2021,5.904,"1,268","0,912",0.678,"0,107",2022
71,Honduras,5.504,0.62,1.205,0.459,0.197,2018,5.86,0.642,1.236,0.507,0.246,2019,5.953199863,0.598763585,1.186664104,0.568148077,0.086969115,0.256528199,2020,5.919,0.703,0.787,0.578,0.081,0.241,2021,6.022,"1,111","0,885",0.582,"0,202",2022
73,Turkey,5.483,1.148,1.38,0.324,0.106,2018,5.373,1.183,1.36,0.195,0.083,2019,5.131800175,1.127169251,1.197159171,0.25440076,-0.171046436,0.085885569,2020,4.948,1.26,0.809,0.236,-0.139,0.097,2021,4.744,"1,707","0,865",0.209,"0,087",2022
74,Pakistan,5.472,0.652,0.81,0.334,0.216,2018,5.653,0.677,0.886,0.313,0.22,2019,5.69329977,0.616799474,0.872979581,0.405421734,0.04489987,0.228705063,2020,4.934,0.637,0.423,0.418,0.098,0.252,2021,4.516,"1,049","0,413",0.448,"0,181",2022
76,Portugal,5.41,1.188,1.429,0.562,0.055,2018,5.693,1.221,1.431,0.508,0.047,2019,5.910900116,1.168800831,1.339530349,0.589895189,-0.220714301,0.053036947,2020,5.929,1.323,0.939,0.621,-0.244,0.029,2021,6.016,"1,760","1,078",0.655,"0,016",2022
77,Serbia,5.398,0.975,1.369,0.288,0.134,2018,5.603,1.004,1.383,0.282,0.137,2019,5.77820015,0.988181829,1.327448964,0.395428419,-0.073676221,0.15028289,2020,6.078,1.101,0.924,0.482,0.002,0.189,2021,6.178,"1,550","1,086",0.546,"0,219",2022
78,Greece,5.358,1.154,1.202,0.131,0.0,2018,5.287,1.181,1.156,0.067,0.0,2019,5.514999866,1.128070116,1.168973565,0.173516348,-0.300907373,0.0,2020,5.723,1.273,0.811,0.243,-0.288,0.0,2021,5.948,"1,703","0,980",0.249,"0,015",2022
79,Lebanon,5.358,0.965,1.179,0.503,0.214,2018,5.197,0.987,1.224,0.216,0.166,2019,4.771500111,0.889232516,1.19249332,0.18551667,-0.06121527,0.158524141,2020,4.584,1.045,0.868,0.175,-0.073,0.14,2021,2.955,"1,392","0,498",0.103,"0,082",2022
80,Montenegro,5.347,1.017,1.279,0.259,0.111,2018,5.523,1.051,1.361,0.197,0.142,2019,5.54610014,1.010150075,1.265657902,0.303223848,-0.075600356,0.14901033,2020,5.581,1.155,0.891,0.397,-0.034,0.166,2021,5.547,"1,573","1,023",0.46,"0,135",2022
81,Croatia,5.321,1.115,1.161,0.38,0.12,2018,5.432,1.155,1.266,0.296,0.119,2019,5.504700184,1.109024286,1.311264873,0.381456882,-0.128538325,0.113998979,2020,5.882,1.251,1.039,0.453,-0.118,0.111,2021,6.125,"1,705","1,183",0.535,"0,109",2022
82,Dominican Republic,5.302,0.982,1.441,0.578,0.12,2018,5.425,1.015,1.401,0.497,0.113,2019,5.689199924,0.983191848,1.328888893,0.5628739,-0.131263286,0.112196781,2020,5.545,1.106,0.879,0.581,-0.133,0.101,2021,5.737,"1,538","1,003",0.606,"0,084",2022
83,Algeria,5.295,0.979,1.154,0.077,0.055,2018,5.211,1.002,1.16,0.086,0.073,2019,5.005099773,0.943856001,1.143003583,0.083943799,-0.121105164,0.118915014,2020,4.887,0.946,0.765,0.119,-0.067,0.144,2021,5.122,"1,363","0,970",0.146,"0,106",2022
84,Morocco,5.254,0.779,0.797,0.46,0.026,2018,5.208,0.801,0.782,0.418,0.036,2019,5.094799995,0.75862211,0.645208478,0.450054139,-0.240377247,0.040032551,2020,4.918,0.792,0.219,0.477,-0.236,0.034,2021,5.06,"1,208","0,268",0.492,"0,020",2022
85,China,5.246,0.989,1.142,0.597,0.029,2018,5.191,1.029,1.125,0.521,0.058,2019,5.123899937,0.990533412,1.132080674,0.601605117,-0.18142575,0.079021044,2020,5.339,1.061,0.785,0.636,-0.146,0.093,2021,5.585,"1,508","0,958",0.656,"0,099",2022
87,Tajikistan,5.199,0.474,1.166,0.292,0.187,2018,5.467,0.493,1.098,0.389,0.23,2019,5.555699825,0.474874616,1.218377709,0.521141171,-0.025088511,0.182417125,2020,5.466,0.508,0.895,0.548,-0.056,0.152,2021,5.377,"0,966","1,005",0.572,"0,118",2022
89,Jordan,5.161,0.822,1.265,0.468,0.13,2018,4.906,0.837,1.225,0.383,0.11,2019,4.633399963,0.785179198,1.140118599,0.424855083,-0.162565202,0.091494769,2020,4.395,0.89,0.685,0.455,-0.167,0.079,2021,4.152,"1,324","0,724",0.476,"0,058",2022
90,Nigeria,5.155,0.689,1.172,0.462,0.201,2018,5.265,0.696,1.111,0.426,0.215,2019,4.724100113,0.645901859,0.986717939,0.435079455,0.033745807,0.221328124,2020,4.759,0.663,0.625,0.433,0.037,0.212,2021,4.552,"1,079","0,732",0.444,"0,175",2022
91,Kyrgyzstan,5.131,0.53,1.416,0.54,0.281,2018,5.261,0.551,1.438,0.508,0.3,2019,5.541500092,0.513180971,1.341036677,0.614617765,0.154772058,0.30137074,2020,5.744,0.665,0.971,0.673,0.119,0.266,2021,5.828,"1,069","1,109",0.693,"0,208",2022
92,Bosnia and Herzegovina,5.129,0.915,1.078,0.28,0.216,2018,5.386,0.945,1.212,0.212,0.263,2019,5.674099922,0.91839546,1.203986526,0.305365741,0.098274559,0.264005244,2020,5.813,1.032,0.919,0.395,0.113,0.261,2021,5.768,"1,468","1,068",0.448,"0,244",2022
93,Mongolia,5.125,0.914,1.517,0.395,0.253,2018,5.285,0.948,1.531,0.317,0.235,2019,5.456200123,0.904872775,1.458930612,0.355703115,0.098093867,0.263885736,2020,5.677,0.966,1.065,0.397,0.116,0.263,2021,5.761,"1,393","1,197",0.398,"0,247",2022
94,Vietnam,5.103,0.715,1.365,0.618,0.177,2018,5.175,0.741,1.346,0.543,0.147,2019,5.353499889,0.718092382,1.253074765,0.650835574,-0.094533332,0.136488721,2020,5.411,0.817,0.873,0.679,-0.098,0.124,2021,5.485,"1,252","0,932",0.707,"0,143",2022
95,Indonesia,5.093,0.899,1.215,0.538,0.484,2018,5.192,0.931,1.203,0.491,0.498,2019,5.285600185,0.891720712,1.154800892,0.568161428,0.519586504,0.542646527,2020,5.345,0.954,0.786,0.598,0.542,0.541,2021,5.24,"1,382","0,883",0.62,"0,468",2022
98,Cameroon,4.975,0.535,0.891,0.454,0.183,2018,5.044,0.549,0.91,0.381,0.187,2019,5.084899902,0.503958046,0.89972645,0.439242482,-0.00149645,0.198020101,2020,5.142,0.543,0.556,0.425,0.026,0.205,2021,5.048,"0,968","0,672",0.397,"0,152",2022
99,Bulgaria,4.933,1.054,1.515,0.359,0.064,2018,5.011,1.092,1.513,0.311,0.081,2019,5.101500034,1.046554685,1.460578918,0.417820066,-0.143908441,0.103833713,2020,5.266,1.181,1.055,0.494,-0.096,0.125,2021,5.371,"1,625","1,163",0.563,"0,123",2022
100,Nepal,4.88,0.425,1.228,0.526,0.302,2018,4.913,0.446,1.226,0.439,0.285,2019,5.137199879,0.444050372,1.100789309,0.480608255,0.154168829,0.300971806,2020,5.269,0.519,0.702,0.488,0.152,0.287,2021,5.377,"0,984","0,784",0.519,"0,237",2022
101,Venezuela,4.806,0.996,1.469,0.133,0.056,2018,4.707,0.96,1.427,0.154,0.064,2019,5.053199768,0.770238638,1.348546863,0.271717221,-0.169090509,0.087179154,2020,4.892,0.852,0.897,0.284,-0.169,0.078,2021,4.925,"0,000","0,968",0.283,"0,225",2022
102,Gabon,4.758,1.036,1.164,0.356,0.032,2018,4.799,1.057,1.183,0.295,0.043,2019,4.829299927,0.988044381,1.10639751,0.369459897,-0.222261623,0.052013602,2020,4.852,1.037,0.707,0.424,-0.2,0.058,2021,4.958,"1,459","0,738",0.343,"0,032",2022
104,South Africa,4.724,0.94,1.41,0.516,0.103,2018,4.722,0.96,1.351,0.389,0.13,2019,4.814099789,0.902140439,1.259086251,0.43478182,-0.109777324,0.126406848,2020,4.956,0.967,0.895,0.447,-0.067,0.144,2021,5.194,"1,425","1,088",0.442,"0,089",2022
105,Iran,4.707,1.059,0.771,0.459,0.282,2018,4.548,1.1,0.842,0.305,0.27,2019,4.672399998,1.029322505,0.886271179,0.301195472,0.117891103,0.27697894,2020,4.721,1.03,0.557,0.275,0.218,0.33,2021,4.888,"1,410","0,741",0.281,"0,241",2022
106,Ivory Coast,4.671,0.541,0.872,0.467,0.146,2018,4.944,0.569,0.808,0.352,0.154,2019,5.233300209,0.537094414,0.799727261,0.397122532,-0.043991156,0.169915587,2020,5.306,0.669,0.409,0.438,-0.016,0.177,2021,5.235,"1,094","0,442",0.451,"0,149",2022
107,Ghana,4.657,0.592,0.896,0.499,0.212,2018,4.996,0.611,0.868,0.381,0.245,2019,5.147999763,0.575862467,0.96636796,0.477290064,0.094170853,0.261291206,2020,5.088,0.68,0.595,0.517,0.123,0.268,2021,4.872,"1,112","0,595",0.5,"0,230",2022
108,Senegal,4.631,0.429,1.117,0.406,0.138,2018,4.681,0.45,1.134,0.292,0.153,2019,4.980800152,0.504061818,0.95459342,0.352400899,-0.052335154,0.164397135,2020,5.132,0.518,0.558,0.381,-0.046,0.158,2021,5.046,"0,933","0,530",0.494,"0,143",2022
109,Laos,4.623,0.72,1.034,0.626,0.23,2018,4.796,0.764,1.03,0.547,0.266,2019,4.888599873,0.714693844,0.987391889,0.612027287,0.11137148,0.27266711,2020,5.03,0.808,0.598,0.643,0.123,0.268,2021,5.14,"1,239","0,654",0.679,"0,197",2022
110,Tunisia,4.592,0.9,0.906,0.271,0.04,2018,4.461,0.921,1.0,0.167,0.059,2019,4.392199993,0.874742687,0.872167706,0.235860556,-0.216413811,0.055881143,2020,4.596,0.919,0.515,0.334,-0.201,0.057,2021,4.516,"1,350","0,596",0.316,"0,029",2022
111,Albania,4.586,0.916,0.817,0.419,0.149,2018,4.719,0.947,0.848,0.383,0.178,2019,4.882699966,0.906653047,0.830483913,0.461945891,-0.042309489,0.171027765,2020,5.117,1.008,0.529,0.491,-0.03,0.168,2021,5.199,"1,439","0,646",0.511,"0,138",2022
112,Sierra Leone,4.571,0.256,0.813,0.355,0.238,2018,4.374,0.268,0.841,0.309,0.252,2019,3.926399946,0.240560383,0.747984946,0.382027686,0.088660747,0.257647008,2020,3.849,0.279,0.377,0.408,0.084,0.243,2021,3.574,"0,686","0,416",0.387,"0,202",2022
114,Bangladesh,4.5,0.532,0.85,0.58,0.153,2018,4.456,0.562,0.928,0.527,0.166,2019,4.832799911,0.556156278,0.868800581,0.604130566,-0.033664726,0.176745117,2020,5.025,0.635,0.52,0.603,-0.041,0.161,2021,5.155,"1,060","0,614",0.622,"0,125",2022
115,Sri Lanka,4.471,0.918,1.314,0.585,0.307,2018,4.366,0.949,1.265,0.47,0.244,2019,4.327000141,0.897986948,1.19494009,0.528632462,0.081129618,0.252666146,2020,4.325,0.99,0.82,0.559,0.079,0.239,2021,4.362,"1,415","0,934",0.529,"0,150",2022
116,Iraq,4.456,1.01,0.971,0.304,0.148,2018,4.437,1.043,0.98,0.241,0.148,2019,4.784800053,0.982018709,1.011466622,0.283588052,-0.06956476,0.153002068,2020,4.854,0.91,0.638,0.302,-0.053,0.153,2021,4.941,"1,289","0,682",0.328,"0,147",2022
117,Mali,4.447,0.37,1.233,0.367,0.139,2018,4.39,0.385,1.105,0.327,0.153,2019,4.729300022,0.352462649,0.97314173,0.377534449,-0.044366926,0.16966705,2020,4.723,0.387,0.59,0.384,-0.036,0.164,2021,4.479,"0,792","0,483",0.35,"0,128",2022
118,Namibia,4.441,0.874,1.281,0.519,0.051,2018,4.639,0.879,1.313,0.401,0.07,2019,4.571100235,0.84008199,1.245738149,0.444598973,-0.18530646,0.076454483,2020,4.574,0.882,0.801,0.411,-0.149,0.091,2021,4.459,"1,292","0,877",0.384,"0,067",2022
119,Cambodia,4.433,0.549,1.088,0.696,0.256,2018,4.7,0.574,1.122,0.609,0.232,2019,4.848400116,0.544634938,1.071426034,0.674940348,0.051911179,0.233342081,2020,4.83,0.603,0.68,0.702,0.034,0.21,2021,4.64,"1,019","0,732",0.74,"0,166",2022
120,Burkina Faso,4.424,0.314,1.097,0.312,0.175,2018,4.587,0.331,1.056,0.255,0.177,2019,4.768700123,0.302467644,0.9293859,0.322398156,-0.019080516,0.186390609,2020,4.834,0.364,0.472,0.381,-0.009,0.182,2021,4.67,"0,779","0,565",0.382,"0,186",2022
121,Egypt,4.419,0.885,1.025,0.312,0.092,2018,4.166,0.913,1.039,0.241,0.076,2019,4.151400089,0.875228941,0.982539535,0.373684734,-0.196878314,0.068801254,2020,4.283,0.954,0.647,0.446,-0.182,0.069,2021,4.288,"1,388","0,732",0.469,"0,041",2022
122,Mozambique,4.417,0.198,0.902,0.531,0.206,2018,4.466,0.204,0.986,0.494,0.197,2019,4.623600006,0.178741366,0.955202878,0.56077534,0.032375868,0.220422104,2020,4.794,0.183,0.634,0.608,0.061,0.228,2021,5.048,"0,578","0,660",0.593,"0,185",2022
123,Kenya,4.41,0.493,1.048,0.504,0.352,2018,4.509,0.512,0.983,0.431,0.372,2019,4.583000183,0.476413399,0.905077755,0.519180536,0.294681519,0.393902093,2020,4.607,0.603,0.508,0.483,0.287,0.375,2021,4.543,"1,032","0,605",0.44,"0,322",2022
124,Zambia,4.377,0.562,1.047,0.503,0.221,2018,4.107,0.578,1.058,0.431,0.247,2019,3.759399891,0.536833763,0.896037281,0.49131754,0.078037128,0.250620902,2020,4.073,0.528,0.552,0.487,0.061,0.227,2021,3.76,"0,930","0,577",0.525,"0,203",2022
126,Ethiopia,4.35,0.308,0.95,0.452,0.22,2018,4.286,0.336,1.033,0.344,0.209,2019,4.186200142,0.315125644,1.001103282,0.41256687,0.043377332,0.227698103,2020,4.275,0.37,0.679,0.451,0.082,0.241,2021,4.241,"0,788","0,809",0.472,"0,205",2022
127,Georgia,4.34,0.853,0.592,0.375,0.038,2018,4.519,0.886,0.666,0.346,0.043,2019,4.672599792,0.847198069,0.7311939,0.485494107,-0.22892037,0.047609735,2020,4.891,1.03,0.47,0.488,-0.238,0.032,2021,4.973,"1,467","0,612",0.508,"0,000",2022
128,Armenia,4.321,0.816,0.99,0.26,0.077,2018,4.559,0.85,1.055,0.283,0.095,2019,4.676799774,0.808262408,1.034576893,0.378075808,-0.13877961,0.107225738,2020,5.283,0.996,0.758,0.54,-0.168,0.079,2021,5.399,"1,434","0,820",0.558,"0,054",2022
129,Myanmar,4.308,0.682,1.174,0.58,0.598,2018,4.36,0.71,1.181,0.525,0.566,2019,4.308000088,0.67809093,1.098178267,0.597478867,0.560663998,0.569813728,2020,4.426,0.666,0.713,0.601,0.509,0.52,2021,4.394,"1,038","0,829",0.513,"0,452",2022
132,India,4.19,0.721,0.747,0.539,0.172,2018,4.015,0.755,0.765,0.498,0.2,2019,3.573299885,0.730576158,0.644198656,0.581142247,0.057551607,0.237072483,2020,3.819,0.741,0.316,0.622,0.089,0.246,2021,3.777,"1,167","0,376",0.647,"0,198",2022
134,Uganda,4.161,0.322,1.09,0.45,0.259,2018,4.189,0.332,1.069,0.356,0.252,2019,4.43200016,0.312337428,1.052327394,0.401682556,0.099487431,0.264807373,2020,4.636,0.364,0.718,0.398,0.122,0.267,2021,4.603,"0,777","0,875",0.402,"0,222",2022
135,Benin,4.141,0.378,0.372,0.44,0.163,2018,4.883,0.393,0.437,0.349,0.175,2019,5.21600008,0.366244704,0.352428436,0.40583989,-0.003537213,0.196670428,2020,5.045,0.507,0.058,0.457,-0.034,0.166,2021,4.623,"0,932","0,064",0.479,"0,127",2022
137,Ukraine,4.103,0.793,1.413,0.163,0.187,2018,4.332,0.82,1.39,0.178,0.187,2019,4.56069994,0.780434608,1.321316481,0.319423705,-0.030933706,0.178551316,2020,4.875,0.979,0.958,0.417,-0.011,0.181,2021,5.084,"1,411","1,081",0.473,"0,188",2022
138,Togo,3.999,0.259,0.474,0.434,0.158,2018,4.085,0.275,0.572,0.293,0.177,2019,4.187200069,0.268116266,0.547622859,0.303539038,0.002667875,0.200774252,2020,4.107,0.254,0.239,0.289,0.032,0.209,2021,4.112,"0,771","0,322",0.292,"0,174",2022
139,Guinea,3.964,0.344,0.792,0.394,0.185,2018,4.534,0.38,0.829,0.332,0.207,2019,4.949299812,0.390007734,0.75136596,0.371878058,0.076328471,0.249490842,2020,4.984,0.42,0.399,0.384,0.095,0.25,2021,4.891,"0,848","0,566",0.334,"0,214",2022
143,Zimbabwe,3.692,0.357,1.094,0.406,0.132,2018,3.663,0.366,1.114,0.361,0.151,2019,3.299200058,0.425564021,1.047835231,0.37740472,-0.072063953,0.151349187,2020,3.145,0.457,0.649,0.359,-0.047,0.157,2021,2.995,"0,947","0,690",0.329,"0,106",2022
144,Afghanistan,3.632,0.332,0.537,0.085,0.191,2018,3.203,0.35,0.517,0.0,0.158,2019,2.566900015,0.30070585,0.356433839,0.0,-0.0964294,0.135234714,2020,2.523,0.37,0.0,0.0,-0.102,0.122,2021,2.404,"0,758","0,000",0.0,"0,089",2022
146,Malawi,3.587,0.186,0.541,0.531,0.21,2018,3.41,0.191,0.56,0.443,0.218,2019,3.538000107,0.176534727,0.53036809,0.487389833,0.021433279,0.213185057,2020,3.6,0.113,0.168,0.484,0.038,0.213,2021,3.75,"0,648","0,279",0.477,"0,140",2022
152,Tanzania,3.303,0.455,0.991,0.481,0.27,2018,3.231,0.476,0.885,0.417,0.276,2019,3.476200104,0.457163125,0.872674644,0.509343088,0.109668687,0.27154091,2020,3.623,0.433,0.54,0.549,0.183,0.307,2021,3.702,"0,848","0,597",0.578,"0,248",2022
